<?xml version="1.0" encoding="UTF-8"?>
<comment version="3.0">
  <caption>2138291231</caption>
  <note>Ideal woman&apos;s butt and hips - perfect anti-cellulite and skin care therapy program. Ocean beach photo. </note>
  <place/>
  <categories>
    <category value="treatment"/>
    <category value="lingerie"/>
    <category value="woman"/>
    <category value="beauty"/>
    <category value="panties"/>
    <category value="perfect"/>
    <category value="young"/>
    <category value="skin"/>
    <category value="slim"/>
    <category value="back"/>
    <category value="body"/>
    <category value="sea"/>
    <category value="summer"/>
    <category value="fit"/>
    <category value="beautiful"/>
    <category value="bikini"/>
    <category value="fitness"/>
    <category value="swimwear"/>
    <category value="legs"/>
    <category value="fat"/>
    <category value="underwear"/>
    <category value="vacation"/>
    <category value="diet"/>
    <category value="cellulite"/>
    <category value="female"/>
    <category value="resort"/>
    <category value="figure"/>
    <category value="attractive"/>
    <category value="shape"/>
    <category value="bottom"/>
    <category value="sexy"/>
    <category value="therapy"/>
    <category value="thong"/>
    <category value="health"/>
    <category value="girl"/>
    <category value="blue"/>
    <category value="ocean"/>
    <category value="background"/>
    <category value="healthy"/>
    <category value="erotic"/>
    <category value="lady"/>
    <category value="buttocks"/>
    <category value="waist"/>
    <category value="butt"/>
    <category value="sport"/>
    <category value="care"/>
  </categories>
</comment>
