<?xml version="1.0" encoding="UTF-8"?>
<comment version="3.0">
  <caption>Surprised happy bearded man in shirt pointing away</caption>
  <note>Surprised happy bearded man in shirt pointing away and looking at the camera over white background</note>
  <place/>
  <categories>
    <category value="adult"/>
    <category value="attractive"/>
    <category value="background"/>
    <category value="bearded"/>
    <category value="beauty"/>
    <category value="businessman"/>
    <category value="casual"/>
    <category value="caucasian"/>
    <category value="charming"/>
    <category value="confidence"/>
    <category value="confident"/>
    <category value="cool"/>
    <category value="expression"/>
    <category value="face"/>
    <category value="guy"/>
    <category value="handsome"/>
    <category value="human"/>
    <category value="isolated"/>
    <category value="lifestyle"/>
    <category value="male"/>
    <category value="man"/>
    <category value="modern"/>
    <category value="one"/>
    <category value="people"/>
    <category value="person"/>
    <category value="portrait"/>
    <category value="posing"/>
    <category value="smart"/>
    <category value="style"/>
    <category value="stylish"/>
    <category value="successful"/>
    <category value="trendy"/>
    <category value="white"/>
    <category value="young"/>
    <category value="youth"/>
    <category value="surprised"/>
    <category value="happy"/>
    <category value="looking"/>
    <category value="camera"/>
    <category value="pointing"/>
    <category value="away"/>
    <category value="aside"/>
    <category value="finger"/>
    <category value="two"/>
  </categories>
</comment>
